{
    "stars": {
        "interstellar_ow": 126969.17039996068,
        "f1shdude": 66.30200000000055,
        "misterdire": 2285.8352999995636,
        "owskipper": 990.10629999945,
        "silvasfolly": 66.64000000000051,
        "fwoxty": 1436.4252000001275,
        "markzynk": 2176.2957999998516,
        "brunchbunny": 5.247900000000003,
        "itsjturner": 613.2146000000549,
        "shullyyyy": 1626.3289000001014,
        "shoutlaw": 980.8575000000818,
        "curleyfri3": 550.30579999957,
        "awesamus": 67.30640000000047,
        "xrodxow2": 80.88429999999951,
        "ace_ar3f": 5.747700000000005,
        "fjordtroll12": 1562.353500000189,
        "kfourle": 20.658400000000036,
        "justnibz": 115.53709999999708,
        "david3cetqd": 853.325200000069,
        "tankheroi": 480.97420000003166,
        "mercialago2": 207.25040000000416,
        "rodorigesuuu": 248.65050000000832,
        "x1700x": 135.61239999999697,
        "dn9n": 414.33420000002496,
        "johnk4c55v": 131.44739999999655,
        "lunarizdreaming": 338.7811000000174,
        "georgew2ms8p": 76.63599999999981,
        "genuinesquirtle": 5.747700000000005,
        "sukoxi": 757.2803000000594,
        "lunaizdreaming": 172.6809000000007,
        "morphin_ow": 65.55710000000059,
        "tmwr": 5.3312000000000035,
        "4jug": 173.8471000000008
    },
    "view_time": {
        "interstellar_ow": 375531,
        "f1shdude": 940,
        "misterdire": 25441,
        "owskipper": 4311,
        "silvasfolly": 800,
        "fwoxty": 17244,
        "markzynk": 26126,
        "brunchbunny": 63,
        "itsjturner": 8562,
        "shullyyyy": 14633,
        "shoutlaw": 9775,
        "curleyfri3": 5826,
        "awesamus": 808,
        "xrodxow2": 971,
        "ace_ar3f": 69,
        "fjordtroll12": 26895,
        "kfourle": 248,
        "justnibz": 1387,
        "david3cetqd": 10244,
        "tankheroi": 5774,
        "mercialago2": 2488,
        "rodorigesuuu": 2985,
        "x1700x": 1628,
        "dn9n": 4974,
        "johnk4c55v": 1578,
        "lunarizdreaming": 4067,
        "georgew2ms8p": 920,
        "genuinesquirtle": 69,
        "sukoxi": 9091,
        "lunaizdreaming": 2073,
        "morphin_ow": 787,
        "tmwr": 64,
        "4jug": 2087
    },
    "correct_guesses": {
        "interstellar_ow": 1,
        "shoutlaw": 0,
        "silvasfolly": 0,
        "fjordtroll12": 3,
        "markzynk": 0,
        "fwoxty": 0,
        "dn9n": 0,
        "itsjturner": 0,
        "owskipper": 0,
        "johnk4c55v": 0,
        "lunarizdreaming": 0,
        "georgew2ms8p": 0,
        "curleyfri3": 1,
        "genuinesquirtle": 0,
        "sukoxi": 0,
        "lunaizdreaming": 0,
        "morphin_ow": 0,
        "misterdire": 0,
        "kfourle": 0,
        "justnibz": 0,
        "tmwr": 0,
        "4jug": 0
    }
}